{"stats":{"minecraft:used":{"minecraft:pufferfish_spawn_egg":62,"minecraft:glass":33,"minecraft:spruce_log":88},"minecraft:custom":{"minecraft:jump":56,"minecraft:time_since_rest":7813,"minecraft:leave_game":1,"minecraft:crouch_one_cm":3299,"minecraft:sprint_one_cm":2148,"minecraft:play_time":7813,"minecraft:damage_taken":30,"minecraft:time_since_death":7813,"minecraft:walk_one_cm":13531,"minecraft:sneak_time":729,"minecraft:total_world_time":7813,"minecraft:drop":2,"minecraft:fall_one_cm":1871,"minecraft:fly_one_cm":59858},"minecraft:dropped":{"minecraft:pufferfish_spawn_egg":64,"minecraft:pufferfish":7},"minecraft:picked_up":{"minecraft:pufferfish":7}},"DataVersion":3465}